{
    "appid": "wx2ee9585543f03ff3",
    "cloudfunctionRoot": "cloud/",
    "compileType": "miniprogram",
    "libVersion": "2.29.1",
    "packOptions": {
        "ignore": [],
        "include": []
    },
    "setting": {
        "coverView": true,
        "es6": true,
        "postcss": true,
        "minified": true,
        "enhance": true,
        "showShadowRootInWxmlPanel": true,
        "packNpmRelationList": [],
        "babelSetting": {
            "ignore": [],
            "disablePlugins": [],
            "outputPath": ""
        }
    },
    "condition": {},
    "editorSetting": {
        "tabIndent": "insertSpaces",
        "tabSize": 4
    },
    "cloudfunctionTemplateRoot": "cloudfunctionTemplate/"
}